1;BANDAS FRENOSVEN 20-0002 682 D;2;28;19,78;BANDAS;FRENOSVEN
2;BANDAS FRENOSVEN 20-0014 1276 D;4;23;16,26;BANDAS;FRENOSVEN
3;BANDAS FRENOSVEN 20-0015 1276 DX;0;23;16,26;BANDAS;FRENOSVEN
4;BANDAS FRENOSVEN 20-0017 1278 D;2;32;22,19;BANDAS;FRENOSVEN
5;BANDAS FRENOSVEN 20-0019 1279 D;1;32;22,19;BANDAS;FRENOSVEN
6;BANDAS FRENOSVEN 20-0021 1307 D;0;32;22,19;BANDAS;FRENOSVEN
7;BANDAS FRENOSVEN 20-0023 1308 D;5;25;24,75;BANDAS;FRENOSVEN
8;BANDAS FRENOSVEN 20-0025 1417 D;0;23;16,25;BANDAS;FRENOSVEN
9;BANDAS FRENOSVEN 20-0027 1467 D;10;18;16,29;BANDAS;FRENOSVEN
10;BANDAS FRENOSVEN 20-0029 1482 NPR LIGA;9,5;22;16,29;BANDAS;FRENOSVEN
11;BANDAS FRENOSVEN 20-0042 2171 MOD (4 LARGAS);0;22;18,87;BANDAS;FRENOSVEN
12;BANDAS FRENOSVEN 20-0043 2171 MOD 3/8 (4 LARGAS);1;22;18,87;BANDAS;FRENOSVEN
13;BANDAS FRENOSVEN 20-0044 2171 MOD XX  (4 LARGAS 0,315);0;22;18,57;BANDAS;FRENOSVEN
14;BANDAS FRENOSVEN 20-0045 2171 D MOD XX TRITON;7;22;15,08;BANDAS;FRENOSVEN
15;BANDAS FRENOSVEN 20-0106 FORD F750 DL 4561;0;34;22,85;BANDAS;FRENOSVEN
16;BANDAS FRENOSVEN 20-0108 2171 MOD  7/16  (4 LARGAS);0;22;17,17;BANDAS;FRENOSVEN
17;BANDAS FRENOSVEN 20-0109 2137 3/8 MOD;3;18;12,89;BANDAS;FRENOSVEN
18;BANDAS FRENOSVEN 20-0035 2137 XX;1;18;12,89;BANDAS;FRENOSVEN
19;BANDAS FRENOSVEN 20-0036 2137 XX MOD;2;18;12,89;BANDAS;FRENOSVEN
20;BANDAS FRENOSVEN 20-0038 2157  MOD 3/8;0;26;18,01;BANDAS;FRENOSVEN
21;BANDAS FRENOSVEN 20-0057 ENCAVA 8709 D 0900;14;25;21,11;BANDAS;FRENOSVEN
22;BANDAS FRENOSVEN 20-0059 ENCAVA DL D (4) 606;2;24;18,37;BANDAS;FRENOSVEN
23;BANDAS FRENOSVEN 20-0061 ENCAVA TR D (4) 614;0;32;22,24;BANDAS;FRENOSVEN
24;BANDAS FRENOSVEN 20-0062 FTF - 619  DL 0247;0;44;31,01;BANDAS;FRENOSVEN
25;BANDAS FRENOSVEN 20-0063 FTF - 619  DL  D 0247AD;4;44;31,01;BANDAS;FRENOSVEN
26;BANDAS FRENOSVEN 20-0065 FTR - 619  TR  D 0249;5;31;21,82;BANDAS;FRENOSVEN
27;BANDAS FRENOSVEN 20-0068 HINO GAGO DL D 4370;10;28;22,46;BANDAS;FRENOSVEN
28;BANDAS FRENOSVEN 20-0070 IVECO 11.2 - 100 D 5912;5;25;17,81;BANDAS;FRENOSVEN
29;BANDAS FRENOSVEN 20-0071 IVECO 135 - 17  D 1995D;0;50;34,87;BANDAS;FRENOSVEN
30;BANDAS FRENOSVEN 20-0074 MIT CANTER 659 D 5934;9;24;20,79;BANDAS;FRENOSVEN
31;BANDAS FRENOSVEN 20-0079 TOYOTA DYNA 2005 DL D 5926;10;25;19,52;BANDAS;FRENOSVEN
32;BANDAS FRENOSVEN 20-0081 TOYOTA DYNA 2005 TR D 5937;12;26;20,67;BANDAS;FRENOSVEN
33;BANDAS FRENOSVEN 20-0083 TOYOTA DYNA 2 5962;2;25;17,81;BANDAS;FRENOSVEN
34;BANDAS FRENOSVEN 20-0098 TOYOTA DYNA ACD 5915;0;22;15,60;BANDAS;FRENOSVEN
35;BANDAS FRENOSVEN 20-0089 1416 D 1416;4;23;16,25;BANDAS;FRENOSVEN
36;BANDA FRENOSVEN 20-0111 20188 HD65 5964;6;20;12,76;BANDAS;FRENOSVEN
37;BANDA FRENOSVEN 20-0113 T - 2137 3/8;5;18;12,76;BANDAS;FRENOSVEN
38;BANDA FRENOSVEN 20-0114 HD72/78 5959;3;22;15,08;BANDAS;FRENOSVEN
39;BLOQUE FRENOSVEN 19-0009 1410 D;5;34;25,57;BLOQUES;FRENOSVEN
40;BLOQUE FRENOSVEN 19-0017 1434 D;4;42;31,76;BLOQUES;FRENOSVEN
41;BLOQUE FRENOSVEN 19-0019 1501 D;3;39;29,34;BLOQUES;FRENOSVEN
42;BLOQUE FRENOSVEN 19-0021 1502 D;2;39;29,34;BLOQUES;FRENOSVEN
43;BLOQUE FRENOSVEN 19-0037 4311 JD 10/10;4;53;37,12;BLOQUES;FRENOSVEN
44;BLOQUE FRENOSVEN 19-0043 4317 GD 10 / 10;4;45;31,32;BLOQUES;FRENOSVEN
45;BLOQUE FRENOSVEN 19-0062 4515 CD;0;44;30,56;BLOQUES;FRENOSVEN
46;BLOQUE FRENOSVEN 19-0064 4515 D;6,5;38;30,56;BLOQUES;FRENOSVEN
47;BLOQUE FRENOSVEN 19-0065 4514 D 10 / 10;4;45;31,32;BLOQUES;FRENOSVEN
48;BLOQUE FRENOSVEN 19-0072 4524 D 10/10;2;42;29,38;BLOQUES;FRENOSVEN
49;BLOQUE FRENOSVEN 19-0075 4527 BD;0;66;46,40;BLOQUES;FRENOSVEN
50;BLOQUE FRENOSVEN 19-0086 4549 D;0;43;30,13;BLOQUES;FRENOSVEN
51;BLOQUE FRENOSVEN 19-0095 4570 D;2;70;49,40;BLOQUES;FRENOSVEN
52;BLOQUE FRENOSVEN 19-0113 4602 D;2;80;56,83;BLOQUES;FRENOSVEN
53;BLOQUE 1FRENOSVEN 19-0139 4644 GD D MOD;6;60;44,08;BLOQUES;FRENOSVEN
54;BLOQUE FRENOSVEN 19-0149 4664 D;0;62;49,38;BLOQUES;FRENOSVEN
55;BLOQUE FRENOSVEN 19-0151 4671 D;3;45;31,32;BLOQUES;FRENOSVEN
56;BLOQUE FRENOSVEN 19-0153 4672 D;8;56;39,44;BLOQUES;FRENOSVEN
57;BLOQUE FRENOSVEN 19-0167 4698 D;3;77;54,03;BLOQUES;FRENOSVEN
58;BLOQUE FRENOSVEN 19-0170 4702 D;4;30;20,88;BLOQUES;FRENOSVEN
59;BLOQUE FRENOSVEN 19-0172 4703 D;4;33;23,20;BLOQUES;FRENOSVEN
60;BLOQUE FRENOSVEN 19-0174 4704 D;9;40;27,04;BLOQUES;FRENOSVEN
61;BLOQUE FRENOSVEN 19-0176 4705 D;4,5;46;33,76;BLOQUES;FRENOSVEN
62;BLOQUE FRENOSVEN 19-0178 4707 D;8,5;50;34,73;BLOQUES;FRENOSVEN
63;BLOQUE FRENOSVEN 19-0181 4709 D;10;55;38,28;BLOQUES;FRENOSVEN
64;BLOQUE FRENOSVEN 19-0183 4710 D;2;52;35,96;BLOQUES;FRENOSVEN
65;BLOQUE FRENOSVEN 19-0338 4710 D MOD;0;70;50,03;BLOQUES;FRENOSVEN
66;BLOQUE FRENOSVEN 19-0349 1025 D ADAPTACIN HINO;2;35;23,56;BLOQUES;FRENOSVEN
67;BLOQUE FRENOSVEN 19-0185 4711 D;4;63;44,08;BLOQUES;FRENOSVEN
68;BLOQUE FRENOSVEN 19-0187 4715 D;2;40;26,68;BLOQUES;FRENOSVEN
69;BLOQUE FRENOSVEN 19-0189 4719 D;5;38;25,52;BLOQUES;FRENOSVEN
70;BLOQUE FRENOSVEN 19-0191 4720 D;8;38;24,36;BLOQUES;FRENOSVEN
71;BLOQUE FRENOSVEN 19-0192 4725 D;4;38;24,36;BLOQUES;FRENOSVEN
72;BLOQUE FRENOSVEN 19-0196 9001 D;2;25;14,50;BLOQUES;FRENOSVEN
73;BLOQUE FRENOSVEN 19-0198 9002 D FV (FVR TRAS) 6563D;2;46;32,48;BLOQUES;FRENOSVEN
74;BLOQUE FRENOSVEN 19-0200 9003 D FV (FVR DEL) 6562D;4;40;27,84;BLOQUES;FRENOSVEN
75;BLOQUE FRENOSVEN 19-0219 FORD CARGO 815 D 6525;8;25;17,40;BLOQUES;FRENOSVEN
76;BLOQUE FRENOSVEN 19-0224 HINO GAGO TR 4416;7;46;32,48;BLOQUES;FRENOSVEN
77;BLOQUE FRENOSVEN 19-0231 IVECO 120 CARGO TR D MOD  6505;3;80;55,68;BLOQUES;FRENOSVEN
78;BLOQUE FRENOSVEN 19-0241 IVECO 410 CARGO DEL D MOD 6504;3;80;55,68;BLOQUES;FRENOSVEN
79;BLOQUE FRENOSVEN 19-0245 IVECO 70C 16 5913;2;30;21,31;BLOQUES;FRENOSVEN
80;BLOQUE FRENOSVEN 19-0265 MIT CANTER 657 DL D 6511;4;45;32,94;BLOQUES;FRENOSVEN
81;BLOQUE FRENOSVEN 19-0267 MIT CANTER 657 TR D 6512;5;60;44,79;BLOQUES;FRENOSVEN
82;BLOQUE FRENOSVEN 19-0273 MIT FV 515 D 6526;0;62;44,79;BLOQUES;FRENOSVEN
83;BLOQUE FRENOSVEN 19-0275NPR 2005 D 6515 9144;1;27;18,56;BLOQUES;FRENOSVEN
84;BLOQUE FRENOSVEN 19-0279 PEGASO TR D 0311;2;55;34,80;BLOQUES;FRENOSVEN
85;BLOQUE FRENOSVEN 19-0311 ZN - 346 D 6546;2;52;36,42;BLOQUES;FRENOSVEN
86;BLOQUE FRENOSVEN 19-0317 ZN - 950 0275;0;57;40,19;BLOQUES;FRENOSVEN
87;BLOQUE FRENOSVEN 19-0325 ENCAVA DL D 606;14,5;24;15,08;BLOQUES;FRENOSVEN
88;BLOQUE FRENOSVEN 19-0332 ENCAVA TR D 614;10,5;25;16,24;BLOQUES;FRENOSVEN
89;BLOQUE FRENOSVEN 19-0337 HOWO TR 6588;1;63;44,13;BLOQUES;FRENOSVEN
90;BLOQUE FRENOSVEN 19-0341 6514 D VOLQUETA / CISTERNA YOSI;0;58;40,60;BLOQUES;FRENOSVEN
91;BLOQUE FRENOSVEN 19-0342 6618 D CAMION HOWO SINO TRUCK A7 42;0;63;44,08;BLOQUES;FRENOSVEN
92;BLOQUE FRENOSVEN 19-0344 6588 HOWO CHUTO JAC GALLOP HFC4253/4250 TRAS Y 3ER EJE;3;63;44,12;BLOQUES;FRENOSVEN
93;BLOQUE FRENOSVEN 19-0348 6514 CISTERNA YOSI PDVSA SINOTRUK;4;55;36,54;BLOQUES;FRENOSVEN
94;BLOQUE FRENOSVEN 19-0350 6518 CAMION HOWO SINO TRUCK A7 42CISTERNA YOSI PDVSA SINOTRUK;2;60;41,87;BLOQUES;FRENOSVEN
95;LAMINA FRENOSVEN 1/2 S.M 23-0025;0;34;23,72;LAMINAS;FRENOSVEN
96;LAMINA FRENOSVEN 1/4 S.M 23-0026;24;24;16,47;LAMINAS;FRENOSVEN
97;LAMINA FRENOSVEN 3/4 S.M 23-0029;9;60;41,73;LAMINAS;FRENOSVEN
98;LAMINA FRENOSVEN 3/8 S.M 23-0030;15;24;16,66;LAMINAS;FRENOSVEN
99;LAMINA FRENOSVEN 3/16 S.M 23-0031;1;17;11,77;LAMINAS;FRENOSVEN
100;LAMINA FRENOSVEN 5/16 S.M 23-0032;6;29;20,02;LAMINAS;FRENOSVEN
101;LAMINA FRENOSVEN 5/8 S.M 23-0033;2;44;30,24;LAMINAS;FRENOSVEN
102;LAMINA FRENOSVEN 7/16 S.M 23-00034;2;28;19,02;LAMINAS;FRENOSVEN
103;LAMINA FRENOSVEN 9/16 S.M 23-0035;8;39;27,12;LAMINAS;FRENOSVEN
104;ROLLO FRENOSVEN 1'  X  140 16-0090 5 MTS;0;10;7,13;ROLLOS;FRENOSVEN
105;ROLLO FRENOSVEN 1'  X  140 16-0002;2;16;11,75;ROLLOS;FRENOSVEN
106;ROLLO FRENOSVEN 1'  X  160 16-0003;0;15;11,14;ROLLOS;FRENOSVEN
107;ROLLO FRENOSVEN 1'  X  190 16-0004;0;17;12,53;ROLLOS;FRENOSVEN
108;ROLLO FRENOSVEN 1'  X  210 16-0005;2;19;13,75;ROLLOS;FRENOSVEN
109;ROLLO FRENOSVEN 1'  X  235 16-0085;4;20;14,88;ROLLOS;FRENOSVEN
110;ROLLO FRENOSVEN 1' 1/4  X  160 16-0012;3;17;12,53;ROLLOS;FRENOSVEN
111;ROLLO FRENOSVEN 1' 1/4  X  190 16-0013;0;20;14,60;ROLLOS;FRENOSVEN
112;ROLLO FRENOSVEN 1' 1/4  X  210 16-0014;1;22;16,48;ROLLOS;FRENOSVEN
113;ROLLO FRENOSVEN 1' 1/4  X  235 16-0015;2;24;17,45;ROLLOS;FRENOSVEN
114;ROLLO FRENOSVEN 1' 1/4  X  255 16-0016;1;25;18,10;ROLLOS;FRENOSVEN
115;ROLLO FRENOSVEN 1' 1/4  X  285 16-0017;0;30;22,40;ROLLOS;FRENOSVEN
116;ROLLO FRENOSVEN 1' 1/2  X  160 16-0006;0;19;13,92;ROLLOS;FRENOSVEN
117;ROLLO FRENOSVEN 1' 1/2  X  190 16-0007;1;23;16,67;ROLLOS;FRENOSVEN
118;ROLLO FRENOSVEN 1' 1/2  X  210 16-0008;8;24;17,50;ROLLOS;FRENOSVEN
119;ROLLO FRENOSVEN 1' 1/2  X  235 16-0009;4;30;21,94;ROLLOS;FRENOSVEN
120;ROLLO FRENOSVEN 1' 1/2  X  255 16-0010;0;28;20,54;ROLLOS;FRENOSVEN
121;ROLLO FRENOSVEN 1' 1/2  X  285 16-0011;0;35;25,93;ROLLOS;FRENOSVEN
122;ROLLO FRENOSVEN 1' 3/4  X  160 16-0018;0;21;16,57;ROLLOS;FRENOSVEN
123;ROLLO FRENOSVEN 1' 3/4  X  190 16-0019;2;25;18,28;ROLLOS;FRENOSVEN
124;ROLLO FRENOSVEN 1' 3/4  X  210 16-0020;0;26;19,02;ROLLOS;FRENOSVEN
125;ROLLO FRENOSVEN 1' 3/4  X  235 16-0021;3;27;21,23;ROLLOS;FRENOSVEN
126;ROLLO FRENOSVEN 1' 3/4  X  255 16-0022;2;30;22,27;ROLLOS;FRENOSVEN
127;ROLLO FRENOSVEN 1' 3/4  X  285 16-0023;0;34;25,27;ROLLOS;FRENOSVEN
128;ROLLO FRENOSVEN 1' 3/4 X 315 16-0025;0;45;33,42;ROLLOS;FRENOSVEN
129;ROLLO FRENOSVEN 2'  X  160 16-0026;0;31;23,16;ROLLOS;FRENOSVEN
130;ROLLO FRENOSVEN 2' x 190 16-0027;3;26;19,49;ROLLOS;FRENOSVEN
131;ROLLO FRENOSVEN 2'  X  210 16-0028;2;30;22,27;ROLLOS;FRENOSVEN
132;ROLLO FRENOSVEN 2'  X  235 16-0029;0;32;23,29;ROLLOS;FRENOSVEN
133;ROLLO FRENOSVEN 2' X 255 16-0030;3;34;25,06;ROLLOS;FRENOSVEN
134;ROLLO FRENOSVEN 2'  X  285 16-0031;2;38;27,84;ROLLOS;FRENOSVEN
135;ROLLO FRENOSVEN 2' 1/4  X  210 16-0044;3;34;25,06;ROLLOS;FRENOSVEN
136;ROLLO FRENOSVEN 2' 1/4 X235  16-0045;0;36;26,45;ROLLOS;FRENOSVEN
137;ROLLO FRENOSVEN 2' 1/4 X255 16-0046;1;38;27,84;ROLLOS;FRENOSVEN
138;ROLLO FRENOSVEN 2' 1/4  X  285 16-0047;1;41;30,62;ROLLOS;FRENOSVEN
139;ROLLO FRENOSVEN 2' 1/4  X  3/8 16-0048;1;36;26,45;ROLLOS;FRENOSVEN
140;ROLLO FRENOSVEN 2' 1/4 X 315 16-0049;0;45;33,41;ROLLOS;FRENOSVEN
141;ROLLO FRENOSVEN 2' 1/2  X  210 16-0036;1;36;26,45;ROLLOS;FRENOSVEN
142;ROLLO FRENOSVEN 2' 1/2  X  235 16-0037;1;38;27,84;ROLLOS;FRENOSVEN
143;ROLLO FRENOSVEN 2' 1/2  X  255 16-0038;8;39;29,23;ROLLOS;FRENOSVEN
144;ROLLO FRENOSVEN 2' 1/2 X285  16-0039;2;45;33,41;ROLLOS;FRENOSVEN
145;ROLLO FRENOSVEN 2' 1/2  X  3/8 16-0040;1;39;29,23;ROLLOS;FRENOSVEN
146;ROLLO FRENOSVEN 2' 1/2  X  315 16-0041;2;49;36,19;ROLLOS;FRENOSVEN
147;ROLLO FRENOSVEN 2' 3/4  X  210 16-0050;0;47;34,80;ROLLOS;FRENOSVEN
148;ROLLO FRENOSVEN 2' 3/4  X  235 16-0051;0;50;36,98;ROLLOS;FRENOSVEN
149;ROLLO FRENOSVEN 2' 3/4  X  255 16-0052;5;56;41,36;ROLLOS;FRENOSVEN
150;ROLLO FRENOSVEN 2' 3/4  X  285 16-0053;0;58;42,85;ROLLOS;FRENOSVEN
151;ROLLO FRENOSVEN 2' 3/4  X  315 16-0055;1;71;52,71;ROLLOS;FRENOSVEN
152;ROLLO FRENOSVEN 3'  X  210 (5 m) 16-0078;0;41;30,31;ROLLOS;FRENOSVEN
153;ROLLO FRENOSVEN 3'  X  255 (5 m) 16-0079;2;32;23,66;ROLLOS;FRENOSVEN
154;ROLLO FRENOSVEN 3' X 285 X5MTS 16-0072;1;36;26,45;ROLLOS;FRENOSVEN
155;ROLLO FRENOSVEN 3' X 315 X 5MTS 16-0073;8;38;27,84;ROLLOS;FRENOSVEN
156;ROLLO FRENOSVEN 3'  X  3/8 16-0082;6;47;34,80;ROLLOS;FRENOSVEN
157;ROLLO FRENOSVEN 3' 1/2  X  210 X 5 MTS 16-0076;0;54;39,90;ROLLOS;FRENOSVEN
158;ROLLO FRENOSVEN 3' 1/2  X  235 X 5 MTS 16-0077;0;55;40,77;ROLLOS;FRENOSVEN
159;ROLLO FRENOSVEN 3' 1/2  X  255 (5 m) 16-0081;0;36;26,45;ROLLOS;FRENOSVEN
160;ROLLO FRENOSVEN 3' 1/2 X 285 X 5MTS 16-0074;2;39;29,23;ROLLOS;FRENOSVEN
161;ROLLO FRENOSVEN 3' 1/2 X 315 X 5 MTS 16-0075;10;43;32,02;ROLLOS;FRENOSVEN
162;ROLLO FRENOSVEN 3' 1/2  X  3/8 16-0083;1;52;37,58;ROLLOS;FRENOSVEN
163;TACO 21-0001  728  A;0;1,37;1,00;TACOS;
164;TACO 21-0002 7013  E;0;1,24;0,90;TACOS;
165;TACO 21-0003 7013  I;0;1,14;0,84;TACOS;
166;TACO 21-0004 7017  E;0;0,97;0,71;TACOS;
167;TACO 21-0005 7017  I;0;0,95;0,70;TACOS;
168;TACO 21-0006 7024  E;0;1,45;1,06;TACOS;
169;TACO 21-0007 7024  I;0;1,48;1,08;TACOS;
170;TACO 21-0008 7054;0;1,70;1,24;TACOS;
171;TACO 21-0009 736;0;0,54;0,39;TACOS;
172;TACO 21-0010 7069;0;0,81;0,59;TACOS;
173;TACO 21-0011 7070;0;1,13;0,82;TACOS;
174;TACO 21-0012 7072 E;0;0,97;0,71;TACOS;
175;TACO 21-0013 7072 I;0;0,97;0,71;TACOS;
176;TACO 21-0014 7136 E;0;0,76;0,56;TACOS;
177;TACO 21-0015 7136 I;0;0,86;0,63;TACOS;
178;TACO 21-0016 7176;0;0,78;0,57;TACOS;
179;TACO 21-0017 7082 I;0;1,14;0,84;TACOS;
180;TACO 21-0018 7153;0;0,84;0,61;TACOS;
181;TACO 21-0019 7082 E;0;1,08;0,79;TACOS;
182;TACO 21-0020 7019 I;0;1,08;0,79;TACOS;
183;TACO 21-0021 7019 E;0;1,08;0,79;TACOS;
184;TACO 21-0023 7027 E;0;1,00;0,73;TACOS;
185;TACO 21-0024 7097 A;0;0,73;0,53;TACOS;
186;TACO 21-0025 316;0;0,67;0,49;TACOS;
187;TACO 21-0026 347;0;0,73;0,53;TACOS;
188;TACO 21-0027 7123;0;0,73;0,53;TACOS;
189;TACO 21-0028 786;0;0,73;0,53;TACOS;
190;TACO 21-0029 771;0;1,16;0,85;TACOS;
191;TACO 21-0030 7201;0;0,92;0,67;TACOS;
192;TACO 21-0031 7117 I;0;0,76;0,56;TACOS;
193;TACO 21-0032 7117 E;0;0,83;0,60;TACOS;
194;TACO 21-0033 781;0;0,97;0,71;TACOS;
195;TACO 21-0034 7122 I;0;0,97;0,71;TACOS;
196;TACO 21-0035 7122 E;0;1,03;0,75;TACOS;
197;TACO 21-0036 7194;0;0,78;0,57;TACOS;
198;TACO 21-0037 7083 I;0;0,89;0,65;TACOS;
199;TACO 21-0038 773 I;0;1,00;0,73;TACOS;
200;TACO 21-0039 773 I;0;1,21;0,88;TACOS;
201;TACO 21-0042 7083 E;0;0,95;0,70;TACOS;
202;TACO 21-0043 317;0;0,91;0,66;TACOS;
203;TACO 21-0044 325;0;0,68;0,50;TACOS;
204;TACO 21-0046 7188;0;0,91;0,66;TACOS;
205;TACO 21-0047 7779;0;0,81;0,59;TACOS;
206;TACO 21-0048 581;0;0,68;0,50;TACOS;
207;TACO 21-0049 7389;0;0,75;0,55;TACOS;
208;TACO 21-0050 8433;0;0,75;0,55;TACOS;
209;REMACHE ALUMINIO 10-10 PACK 2000 U;6;95;70,00;REMACHES;RIVETS
210;REMACHE ALUMINIO 4-5 PACK 2000 U;0;25;17,60;REMACHES;RIVETS
211;REMACHE ALUMINIO 7-5 PACK 2000 U;0;45;30,80;REMACHES;RIVETS
212;REMACHE ALUMINIO 10-8 PACK 2000 U;0;95;61,80;REMACHES;RIVETS
213;REMACHE ALUMINIO 8-20-15 PACK 2000 U;0;160;115,40;REMACHES;RIVETS
214;REMACHE S.T. DE ACERO 10-10 PACK 2.000 UND;9;70;50,00;REMACHES;RIVETS
215;REMACHE S.T. DE ACERO 7 - 7 PACK 500 UND;2;80;12,00;REMACHES;RIVETS
216;REMACHE S.T. DE ACERO 10-8 PACK 2.000 UND;8,5;70;50,00;REMACHES;RIVETS
217;GRASA LUBRICO LITHIUM CLX GREASE NGLI:2 PAILA 14 KG;-1;150;125,00;GRASAS;LUBRICO
218;GRASA LUBRICO LITHIUM CROWN NEP 2 380 GR;-1;;60,00;GRASAS;LUBRICO
219;GRASA LUBRICO LITHIUM EP 2 GREASENGLI:2  PAILA 14 KG;0;;;GRASAS;LUBRICO
220;GRASA LUBRICO RED GRASE NLGI:3 PAILA 14 KG;0;;53,05;GRASAS;LUBRICO
221;LUBRICANTE LUBRICO EP GEAR OIL 220 TAMBOR 200 L;0;;;LUBRICANTES;LUBRICO
222;LUBRICANTE LUBRICO EP GEAR OIL 320 TAMBOR 200 L;0;;;LUBRICANTES;LUBRICO
223;LUBRICANTE LUBRICO GEAR OIL 140 CAJA 12 L;0;;;LUBRICANTES;LUBRICO
224;LUBRICANTE LUBRICO GEAR OIL 140 CARBOYA 20 L;0;;;LUBRICANTES;LUBRICO
225;LUBRICANTE LUBRICO GEAR OIL 140 TAMBOR 200 L;0;;;LUBRICANTES;LUBRICO
226;LUBRICANTE LUBRICO HYDROLUBE HLP 150 TAMBOR 200 L;0;;;LUBRICANTES;LUBRICO
227;LUBRICANTE LUBRICO HYDROLUBE HLP 32 TAMBOR 200 L;0;;;LUBRICANTES;LUBRICO
228;LUBRICANTE LUBRICO HYDROLUBE HLP 46 TAMBOR 200 L;0;;;LUBRICANTES;LUBRICO
229;LUBRICANTE LUBRICO HYDROLUBE HLP 68 CARBOYA 20 L;0;;65,00;LUBRICANTES;LUBRICO
230;LUBRICANTE LUBRICO HYDROLUBE HLP 68 TAMBOR 200 L;0;;;LUBRICANTES;LUBRICO
231;LUBRICANTE LUBRICO TCW 3 2T 1LT MARINE OIL CAJA 12X1 L;0;;;LUBRICANTES;LUBRICO
232;LUBRICANTE LUBRICO TITAN MOTO RC-2 2T CAJA 12X1 L;1;56;50,00;LUBRICANTES;LUBRICO
233;LUBRICANTE LUBRICO TITAN MOTO RC-3 20W50 CAJA 12X1 L;17;58;53,50;LUBRICANTES;LUBRICO
234;LUBRICANTE LUBRICO TITANIUM  GT-4 15W40 CAJA 12X1 L;2;65;58,50;LUBRICANTES;LUBRICO
235;LUBRICANTE LUBRICO TITANIUM  GT-4 15W40 CAJA 5X1 G;0,5;95;82,00;LUBRICANTES;LUBRICO
236;LUBRICANTE LUBRICO TITANIUM C1 SAE 50 CARBOYA 16 L;0;;;LUBRICANTES;LUBRICO
237;LUBRICANTE LUBRICO TITANIUM C1 SAE 50 CARBOYA 20 L;0;;72,00;LUBRICANTES;LUBRICO
238;LUBRICANTE LUBRICO TITANIUM C1 SAE 50 MINITAMBOR 60 L;0;;;LUBRICANTES;LUBRICO
239;LUBRICANTE LUBRICO TITANIUM C1 SAE 50 TAMBOR 200 L;0;;;LUBRICANTES;LUBRICO
240;LUBRICANTE LUBRICO TITANIUM C6 15W40 CARBOYA 20 L;0;;;LUBRICANTES;LUBRICO
241;LUBRICANTE LUBRICO TITANIUM C6 15W40 TAMBOR 200 L;0;;;LUBRICANTES;LUBRICO
242;LUBRICANTE LUBRICO TITANIUM GR-6 5W-30 CAJA 12X1 L;1,5;75;65,93;LUBRICANTES;LUBRICO
243;LUBRICANTE LUBRICO TITANIUM GT-3 20W50 CAJA 12X1 L;0;;;LUBRICANTES;LUBRICO
244;LUBRICANTE LUBRICO TITANIUM GT-3 20W50 CAJA 5X1 G;0;;75,00;LUBRICANTES;LUBRICO
245;LUBRICANTE LUBRICO TITANIUM GT-3 20W50 TAMBOR 200 L;0;;;LUBRICANTES;LUBRICO
246;LUBRICANTE LUBRICO TITANIUM GT-7 5W-40 CAJA 12X1 L;5;75;65,93;LUBRICANTES;LUBRICO
247;LUBRICANTE LUBRICO TITANIUM GT-9 5W-20 CAJA 12X1 L;5;75;68,64;LUBRICANTES;LUBRICO
248;LUBRICANTE LUBRICO TITANIUM GTX-4 10W40 CAJA 12X1 L;1,5;68;60,00;LUBRICANTES;LUBRICO
249;LUBRICANTE LUBRICO TITANIUM GTX-4 15W40 200LT;0;;;LUBRICANTES;LUBRICO
250;LUBRICANTE LUBRICO TITANIUM GTX-4 15W40 CAJA 12X1 L;0;68;61,50;LUBRICANTES;LUBRICO
251;LUBRICANTE LUBRICO TOP GEAR ATF DX III CAJA 12X1 L;0;;;LUBRICANTES;LUBRICO
252;LUBRICANTE LUBRICO TOP GEAR ATF DX III CARBOYA 20 L;6;;86,72;LUBRICANTES;LUBRICO
253;LUBRICANTE LUBRICO TOP GEAR ATF DX II CAJA 12X1 L;6;;49,00;LUBRICANTES;LUBRICO
254;LUBRICANTE LUBRICO TOP GEAR ATF DX III TAMBOR 200 L;0;;;LUBRICANTES;LUBRICO
255;LUBRICANTE LUBRICO TOP GEAR G4 85W-140 CARBOYA 20 L;0;;89,91;LUBRICANTES;LUBRICO
256;LUBRICANTE LUBRICO TOP GEAR G4 85W140 TAMBOR 200 L;0;;;LUBRICANTES;LUBRICO
257;LUBRICANTE LUBRICO TOP GEAR G5 80W-90 CAJA 12X1 L;0;;56,16;LUBRICANTES;LUBRICO
258;LUBRICANTE LUBRICO TOP GEAR G5 80W-90 CARBOYA 20 L;0;;;LUBRICANTES;LUBRICO
259;LUBRICANTE LUBRICO TOP GEAR G5 85W-140 CAJA 12X1 L;0;;;LUBRICANTES;LUBRICO
260;LUBRICANTE LUBRICO TOP GEAR G-9 75W90 CAJA 12X1 L;0;;;LUBRICANTES;LUBRICO
261;LUBRICANTE LUBRICO TURBIN OIL 32 TAMBOR 200 L;0;;;LUBRICANTES;LUBRICO
262;LUBRICANTE LUBRICO TURBIN OIL 46 TAMBOR 200 L;0;;;LUBRICANTES;LUBRICO
263;LUBRICANTE LUBRICO TURBIN OIL 68 TAMBOR 200 L;0;;;LUBRICANTES;LUBRICO
264;LIGA FRENO LUBRICO BRAKE DOT 3 CAJA 24X500 CC;0;90;71,91;LIGA FRENO;LUBRICO
265;LIGA DE FRENOS STRON DOT3 CAJA 12X1 L;0;65;49,00;LIGA FRENO;STRON
266;LIGA DE FRENOS STRON DOT3 CAJA 12X290 CM3;0;24;18,00;LIGA FRENO;STRON
267;LIGA DE FRENOS STRON DOT4 CAJA 12X1 L;-0,5;77;58,00;LIGA FRENO;STRON
268;LIGA DE FRENOS STRON DOT4 CAJA 12X290 CM3;0;28;21,00;LIGA FRENO;STRON
269;REFRIGERANTE STRON STCOOL 50/50 MIXT VERDE/ROJO CAJA 4X1 G;0;40;30,00;REFRIGERANTES;STRON
270;REFRIGERANTE STRON STCOOL 50/50 ROJO CAJA 4X1 G;0;40;30,00;REFRIGERANTES;STRON
271;REFRIGERANTE STRON STCOOL 50/50 ROJO CAJA 8X1 L;0;24;18,00;REFRIGERANTES;STRON
272;REFRIGERANTE STRON STCOOL 50/50 VERDE CAJA 4X1 G;0;40;30,00;REFRIGERANTES;STRON
273;LUBRICANTE VALVOLINE HIDRAULICO AW 68 PAILA 19 L;0;99;83,79;LUBRICANTES;VALVOLINE
274;LUBRICANTE VALVOLINE VALVODIESEL SAE 50 PAILA 19 L;2;110;93,10;LUBRICANTES;VALVOLINE
275;LUBRICANTE VALVOLINE PREMIUM BLUE 7800 15W40 CI-4 PAILA 19 L;0;117;100,54;LUBRICANTES;VALVOLINE
276;LUBRICANTE VALVOLINE PREMIUM PROTEC BLEND 15W40 SP SEMI CAJA 12X1 L;0,5;83;73,55;LUBRICANTES;VALVOLINE
277;LUBRICANTE VALVOLINE PREMIUM PROTEC BLEND 20W50 SP SEMI CAJA 12X1 L;0;83;73,55;LUBRICANTES;VALVOLINE
278;LUBRICANTE VALVOLINE PREMIUM PROTEC BLEND 20W50 SP SEMI CAJA 3X1 G;2;81;71,69;LUBRICANTES;VALVOLINE
279;LUBRICANTE VALVOLINE PREMIUM PROTEC BLEND 10W30 SP SEMI CAJA 12X1 L;0;83;73,55;LUBRICANTES;VALVOLINE
280;LUBRICANTE VALVOLINE PREMIUM PROTEC BLEND 10W30 SP SEMI CAJA 3X1 G;0;81;71,69;LUBRICANTES;VALVOLINE
281;LUBRICANTE VALVOLINE VALVODIESEL E700 15W40 SN MINERAL CAJA 12X1 L;0;85;76,34;LUBRICANTES;VALVOLINE
282;LUBRICANTE VALVOLINE RACING 20W50 SN MINERAL CAJA 12X1 L;0;80;70,28;LUBRICANTES;VALVOLINE
283;LUBRICANTE VALVOLINE RACING 20W50 SN MINERAL CAJA 3X1 G;0;78;68,42;LUBRICANTES;VALVOLINE
284;LUBRICANTE VALVOLINE VALVODIESEL E700 15W40 SN MINERAL CAJA 3X1 G;0;83;71,60;LUBRICANTES;VALVOLINE
285;LUBRICANTE VALVOLINE ATF DEXRON III CAJA 12X1 L;0;81;72,61;LUBRICANTES;VALVOLINE
286;LUBRICANTE VALVOLINE 4 TECH 20W50 PREMIUM CAJA 12X1 L;0;79;69,82;LUBRICANTES;VALVOLINE
287;LUBRICANTE VALVOLINE HP GEAR OIL 80W90 GL5 CAJA 12X1 L;0;85;75,41;LUBRICANTES;VALVOLINE
288;LUBRICANTE VALVOLINE HP GEAR OIL 85W140 GL5 CAJA 12X1 L;0;90;80,06;LUBRICANTES;VALVOLINE
289;LUBRICANTE VALVOLINE SUPER 2 T TC CAJA 12X1 L;0;80;70,75;LUBRICANTES;VALVOLINE
290;LUBRICANTE VALVOLINE 5W30 FULL SINTETICO CAJA 6X1 L;0;60;51,20;LUBRICANTES;VALVOLINE
291;PEGA LITRO;0;20;12,00;PEGAS;
292;PEGA RE-300 1 LITRO;-5;70;53,00;PEGAS;
293;PEGA RE-300 1 GALN;-1;170;134,00;PEGAS;
294;RESORTES FRENOS;-1;2.5;2,00;RESORTES;
295;TAMBOR 156 DEL/TRAS CARGO 1721/ TECTOR/ VW;3;240;155,00;TAMBORES;FS FUNDICIONES
296;TAMBOR 815 DEL/TRAS CARGO 815;11;130;85,00;TAMBORES;FS FUNDICIONES
297;TAMBOR 630 DEL/TRAS NPR AIRE;5;130;85,00;TAMBORES;FS FUNDICIONES
298;TAMBOR TRAS F350/TRITON;0;95;65,00;TAMBORES;FS FUNDICIONES
299;TAMBOR 870 DEL ENCAVA FRENO AIRE;4;220;125,00;TAMBORES;FS FUNDICIONES
300;TAMBOR 873 TRAS ENCAVA ENT 610/ENT 600 AIRE;11;230;145,00;TAMBORES;FS FUNDICIONES
301;TAMBOR 314 MACK DEL/BLUE BIRD/ENCAVA AUTOBUS/BATEA;4;230;135,00;TAMBORES;FS FUNDICIONES
302;TAMBOR 342 BATEA FLUHAUS/KODIAK ARTILLADO P22;-1;230;135,00;TAMBORES;FS FUNDICIONES
303;OTRO;;;;OTRO;
304;REMACHE ALUMINIO 8-20-13 PACK 2000 U;6;140;99,40;REMACHES;RIVETS
305;REMACHE S.T. DE ACERO 7-5 PACK 2.000 UND;5;40;19,00;REMACHES;RIVETS
306;TAMBOR 327 BATEA DAYTON/CHUTO MACK/ A26/ R20/ R24;3;230;135,00;TAMBORES;FS FUNDICIONES
307;TAMBOR 929/849 10 HUECOS ENC3300/ M.B/FREIGHT/KENWOR/VISION/BATEAS;0;230;155,00;TAMBORES;FS FUNDICIONES
308;TAMBOR 410 ENCAVA FRENO LIGA DELANTERO;0;160;105,00;TAMBORES;FS FUNDICIONES
309;TAMBOR 408 ENCAVA FRENO LIGA DELANTERO;4;160;105,00;TAMBORES;FS FUNDICIONES
310;FILTRO RL 33260 COMB ISUZU BBDIT CHEV FVR ENCA ENT 610;6;5;3,94;FILTROS;RUEDA LIBRE
311;FILTRO RL 51810 ACEITE CHEV NPR ISUZU AH6F1;-6;11;8,54;FILTROS;RUEDA LIBRE
312;FILTRO RL 51372 ACEITE BRONC 5.8, ESCAPE 3.0, EXPLORER, EXPEDITIOX;3;5;3,35;FILTROS;RUEDA LIBRE
313;FILTRO RL 51040 ACEITE AVEO, CORSA, OPTRA;4;5;2,49;FILTROS;RUEDA LIBRE
314;FILTRO RL 33342 COMB CARGO 1721/1517/2631/2632/4432;-10;14;10,55;FILTROS;RUEDA LIBRE
315;FILTRO RL 33242 COMB CARGO 1721/1517/2631/2632/4432;0;14;10,54;FILTROS;RUEDA LIBRE
316;FILTRO RL 33405 TRAMPA DE AGUA CUMMINS/815;6;10;7,50;FILTROS;RUEDA LIBRE
317;FILTRO RL 33358 COMB CARGO 815/1721/1617/7000;-12;5;3,99;FILTROS;RUEDA LIBRE
318;FILTRO RL 33352 COMB KODIAK/FORD 7000/CUMINS;-8;8;6,15;FILTROS;RUEDA LIBRE
319;FILTRO RL 33386 COMB ENCAVA/NPR;-6;5;3,25;FILTROS;RUEDA LIBRE
320;FILTRO RL 33393 COMB ENCAVA/ NPR/ NKR/ NHR/ FVR;12;6;3,25;FILTROS;RUEDA LIBRE
321;FILTRO RL 33398 COMB FVR ENCAVA/ NPR/ NKR/ NHR;0;8;5,94;FILTROS;RUEDA LIBRE
322;FILTRO RL 51748 ACEITE CARGO 1721, ENCAV ENT 2000/3200/3300/6000/6100;-10;21;16,99;FILTROS;RUEDA LIBRE
323;FILTRO WEB 3401 33353 COMB CUMINS/ JAC 1061/GALLOP/DUOLIKA;0;13;10,34;FILTROS;RUEDA LIBRE
324;REMACHE S.T. DE ACERO 10-12 PACK 2.000 UND;11;75;48,20;REMACHES;INCOLBEST
325;BANDA INCOLBEST 1482 NPR LIGA DEL/TRAS 20101;2;29;23,95;BANDAS;INCOLBEST
326;BANDA INCOLBEST 1467 MIT CANTER FUSO DEL/TRAS 20129;3;28;22,52;BANDAS;INCOLBEST
327;BANDA INCOLBEST 5926 DYNA DEL - HINO 300 20193;4;30;22,16;BANDAS;INCOLBEST
328;BANDA INCOLBEST 5937 DYNA TRAS - HINO 300 20184;3;34;27,78;BANDAS;INCOLBEST
329;BANDA INCOLBEST 8709 ENCAVA ENT 900 DEL/TRAS 20181;7;35;28,26;BANDAS;INCOLBEST
330;BANDA INCOLBEST 5912 IVEC TURB DAYLI 5912 DEL/ TRAS 20180;2;37;29,73;BANDAS;INCOLBEST
331;BANDA INCOLBEST 1308 KODIAK F9000 C60 INTER;5;35;28,54;BANDAS;INCOLBEST
332;BANDA INCOLBEST  5964D -HYUNDAI HD-65 DEL/TRAS 20188;4;28;20,02;BANDAS;INCOLBEST
333;BLOQUE INCOLBEST 4515 MACK BLUE B FORD CHEV BATEA;7;54;44,23;BLOQUES;INCOLBEST
334;BLOQUE INCOLBEST CARGO 815 DEL/TRAS 9107;7;42;34,50;BLOQUES;INCOLBEST
335;BLOQUE INCOLBEST 5934 MIT CANTER HD INTERCOOL DEL/TRAS 9313;6;53;42,79;BLOQUES;INCOLBEST
336;BLOQUE INCOLBEST 614 ENCAVA 610 TRAS 9268 20158;8;41;33,40;BLOQUES;INCOLBEST
337;BLOQUE INCOLBEST 606 ENCAVA 610 DEL 9267 20157;13;38;31,08;BLOQUES;INCOLBEST
338;BLOQUE INCOLBEST 4705 CARGO 1721 VW ROCKWELL TRAS;4;59;48,36;BLOQUES;INCOLBEST
339;BLOQUE INCOLBEST 4311JD ENCAVA MACK BLU B TRAS;4;66;54,05;BLOQUES;INCOLBEST
340;BLOQUE INCOLBEST 9144 NPR AIRE DEL/TRAS;2;46;37,24;BLOQUES;INCOLBEST
341;BLOQUE INCOLBEST 4527 MACK GURI FORD GMC TRAS;4;79;64,20;BLOQUES;INCOLBEST
342;BLOQUE INCOLBEST 4707 MACK RIN 20 EJE ROCKWELL TRAS;2;63;51,22;BLOQUES;INCOLBEST
343;BLOQUE INCOLBEST 4704 CARGO 1721 VW ROCKWELL DEL;3;54;43,96;BLOQUES;INCOLBEST
344;BLOQUE INCOLBEST 4644GD ENCAVA 3300 BATEA IVECO TRAS 9212;5;76;62,19;BLOQUES;INCOLBEST
345;BLOQUE INCOLBEST  4719D -ENCAVA 3100 / EATON / KENWORTH DEL;8;57;45,24;BLOQUES;INCOLBEST
346;BLOQUE INCOLBEST  4317GD -MACK /  FORD 750 TRAS;6;58;46,40;BLOQUES;INCOLBEST
347;BLOQUE INCOLBEST 4710D - AUTOBUS VOLKSWAGEN 16210 / 17210 TRAS;2;72;57,42;BLOQUES;INCOLBEST
348;BLOQUE INCOLBEST 4709D - ENCAVA 3100 / KENWORTH TRAS;6;61;48,72;BLOQUES;INCOLBEST
349;BLOQUE INCOLBEST 4524D - MACK GURI / FORD / GMC / BLUE BIRD DEL;4;55;44,08;BLOQUES;INCOLBEST
350;BLOQUE INCOLBEST 4671D -AUTOMAN /MERCEDES BENZ DEL;4;60;47,56;BLOQUES;INCOLBEST
351;BLOQUE INCOLBEST  0311D -PEGASO TRAS 9142;3;70;55,68;BLOQUES;INCOLBEST
352;BLOQUE INCOLBEST 6562D -CHEVROLET ISUZU FVR DEL 1418;3;54;42,92;BLOQUES;INCOLBEST
353;BLOQUE INCOLBEST 6510 IVECO 380E 37H/EURO TRAKER/STRALIS 420 TRAS 9116;3;76;60,32;BLOQUES;INCOLBEST
354;BLOQUE INCOLBEST 6563D -CHEVROLET ISUZU FVR TRAS 9230;1;60;47,44;BLOQUES;INCOLBEST
355;BLOQUE INCOLBEST 4672D -AUTOMAN /MERCEDES BENZ TRAS;6;65;51,43;BLOQUES;INCOLBEST
356;BLOQUE INCOLBEST 4720 F8000/MACK/GRANITE/VISION/EJE ROCKWELL   D;6;54;42,92;BLOQUES;INCOLBEST
357;BLOQUE INCOLBEST 4514D - FORD INT-5000 / DODGE /C-60 DEL;4;58;45,82;BLOQUES;INCOLBEST
358;BLOQUE INCOLBEST 6504 IVECO 380E 37H/EURO TRAKER/STRALIS 420 DEL 9117;5;74;59,16;BLOQUES;INCOLBEST
359;BLOQUE INCOLBEST 4471BD - MACK / FORD / INT-5000 TRAS;2;67;53,36;BLOQUES;INCOLBEST
360;BLOQUE INCOLBEST 6596 DONGFENG DUOLIKA 5T/JIMBA 3.5T/HINO BUS D/T 9202;4;45;35,38;BLOQUES;INCOLBEST
361;BLOQUE INCOLBEST 6623D -JAC 1131 /1134 DEL 9229;2;56;45,24;BLOQUES;INCOLBEST
362;BLOQUE INCOLBEST 6618D -HOWO SINUTRACK TRAS 9379;4;67;53,24;BLOQUES;INCOLBEST
363;BLOQUE INCOLBEST 6629D -JAC 1131 /1134 TRAS 9228;1;72;57,42;BLOQUES;INCOLBEST
364;BLOQUE INCOLBEST 6508D -VOLVO B-12 NH12 DEL 9177;0;61;48,72;BLOQUES;INCOLBEST
365;BLOQUE INCOLBEST 6634D -HINO 500 MODEL 1726 TRAS 9303;2;72;56,84;BLOQUES;INCOLBEST
366;BLOQUE INCOLBEST 6633D -HINO 500 MODEL 1726 DEL 9312;2;54;42,92;BLOQUES;INCOLBEST
367;BLOQUE INCOLBEST 6627D -HINO 500 VOLQUETE  MODEL 2626 TRAS 9035;2;80;63,79;BLOQUES;INCOLBEST
368;BLOQUE INCOLBEST 6509D -VOLVO B-12 NH12 TRAS 9174;2;67;53,52;BLOQUES;INCOLBEST
369;REMACHE  INCOLBEST -  10-10C - ACERO LATONADO  -1000 UNID;0;45;26,90;REMACHES;INCOLBEST
370;REMACHE  INCOLBEST -  10-8C - ACERO LATONADO -1000 UNID;0;40;22,81;REMACHES;INCOLBEST
371;LUBRICANTE OIL STONE 20W50 SL CAJA 12X1 L;1;55;48,00;LUBRICANTES;OIL STONE
372;LUBRICANTE OIL STONE 25W60 SL CAJA 12X1 L;1;55;48,00;LUBRICANTES;OIL STONE
373;LUBRICANTE OIL STONE ATF DII CAJA 12X1 L;0;55;48,00;LUBRICANTES;OIL STONE
374;LUBRICANTE OIL STONE DIESEL 50 PAILA 19 L;4;90;72,00;LUBRICANTES;OIL STONE
375;LUBRICANTE OIL STONE DIESEL 50 TAMBOR 208 L;2;850;740,00;LUBRICANTES;OIL STONE
376;LUBRICANTE OIL STONE W140 PAILA 19 L;1;110;85,00;LUBRICANTES;OIL STONE
377;LUBRICANTE OIL STONE HIDRAULICO AW 68 PAILA 19 L;-3;90;72,00;LUBRICANTES;OIL STONE
378;CILINDRO SYGAR AVEO 90235422 3/4;0;9;6,00;CILINDROS;SYGAR
379;CILINDRO SYGAR NHR/NKR 1 1/8DER 8-97179-357-0;1;22;14,63;CILINDROS;SYGAR
380;CILINDRO SYGAR NHR/NKR 1 1/8 IZQ 8-97179-358-0;1;22;14,63;CILINDROS;SYGAR
381;CILINDRO SYGAR NHR/NKR 1 1/8DER 8-97179-359-0;1;22;14,63;CILINDROS;SYGAR
382;CILINDRO SYGAR NHR/NKR 1 1/8 IZQ 8-97179-360-0;1;22;14,63;CILINDROS;SYGAR
383;CILINDRO SYGAR MITSU CANTER 1 1/4 DER MC889600;6;23;16,56;CILINDROS;SYGAR
384;CILINDRO SYGAR MITSU CANTER 1 1/4 IZQ MC889601;11;23;16,56;CILINDROS;SYGAR
385;CILINDRO SYGAR MITSU CANTER 1 1/4 DER MB060570;12;22;14,63;CILINDROS;SYGAR
386;CILINDRO SYGAR MITSU CANTER 1 1/4 IZQ MB060571;12;22;14,63;CILINDROS;SYGAR
387;CILINDRO SYGAR TOYOTA DYNA 1 3/16 IZQ 47510-37080;11;24;17,79;CILINDROS;SYGAR
388;CILINDRO SYGAR TOYOTA DYNA 1 3/16 DER 47530-37081;13;24;17,79;CILINDROS;SYGAR
389;CILINDRO SYGAR  NPR 1 3/16 IZQ 8-97022-031-1;0;22;14,63;CILINDROS;SYGAR
390;CILINDRO SYGAR NPR 1 3/16 DER 8-97022-028-1;0;22;14,63;CILINDROS;SYGAR
391;CILINDRO SYGAR NPR 1 3/16 IZQ 8-97139-825-0;0;23;16,03;CILINDROS;SYGAR
392;CILINDRO SYGAR NPR 1 3/16 DER 8-97139-822-0;0;23;16,03;CILINDROS;SYGAR
393;BOMBA DE CLUTCH SYGAR NPR/NKR SUP 8-98117644-0;2;23;15,86;BOMBAS;SYGAR
394;BOMBIN DE CLUTCH SYGAR NPR/NKR INF 8-97032-847-1;2;18;11,99;BOMBAS;SYGAR
395;BOMBA DE CLUTCH SYGAR TOYOTA DYNA SUP 31420-37040;2;23;15,79;BOMBAS;SYGAR
396;BOMBA DE CLUTCH SYGAR TOYOTA DYNA INF 31470-37040;2;19;13,12;BOMBAS;SYGAR
397;BOMBA DE CLUTCH SYGAR MITSU CANTER SUP ME-607348;2;22;15,15;BOMBAS;SYGAR
398;BOMBA DE CLUTCH SYGAR MITSU CANTER INF ME-609072;2;19;13,22;BOMBAS;SYGAR
399;LUBRICANTE SKY DIESEL 50 PAILA 19 L;0;110;95,00;LUBRICANTES;SKY
400;LUBRICANTE SKY DIESEL 15W40 PAILA 19 L;1;120;106,00;LUBRICANTES;SKY
401;LUBRICANTE SKY HIDRAULICO 68 PAILA 19 L;0;100;88,00;LUBRICANTES;SKY
402;LUBRICANTE CHRONUS HIDRAULICO 68 PAILA 19 L;0;110;95,00;LUBRICANTES;CHRONUS
403;LUBRICANTE CHRONUS DIESEL 50 PAILA 19 L;1;125;113,00;LUBRICANTES;CHRONUS
404;LUBRICANTE SMART OIL DIESEL 50 PAILA 19 L;0;100;83,00;LUBRICANTES;SMART OIL
405;LUBRICANTE YUKO DIESEL 50 PAILA 19 L;0;100;85,00;LUBRICANTES;YUKO
406;LUBRICANTE INCA DIESEL 50 PAILA 19 L;0;110;100,00;LUBRICANTES;INCA
407;LUBRICANTE INCA DIESEL 15W40 PAILA 19 L;1;110;100,00;LUBRICANTES;INCA
408;LUBRICANTE INCA DIESEL 20W50 PAILA 19 L;1;110;100,00;LUBRICANTES;INCA
409;LUBRICANTE SHELL RIMULA 15W40 PAILA 20 L;0;120;120,00;LUBRICANTES;SHELL
410;LUBRICANTE SHELL RIMULA SAE 50 PAILA 20 L;0;120;120,00;LUBRICANTES;SHELL
411;LUBRICANTE YUKO ATF VI CAJA 12X1 L;0,5;100;83,00;LUBRICANTES;YUKO
412;LUBRICANTE PDV 15W40 MINERAL CAJA 12X1L;1,5;70;70,00;LUBRICANTES;PDV
413;LUBRICANTE PDV 20W50 MINERAL CAJA 12X1L;2;70;80,00;LUBRICANTES;PDV
414;LUBRICANTE PDV 20W50 SEMI CAJA 12X1L;1;80;80,00;LUBRICANTES;PDV
415;LUBRICANTE MOTUL 15W40 SEMI CAJA 12X1 L;0;120;97,00;LUBRICANTES;MOTUL
416;LUBRICANTE SHELL 0W20 SINTETICO CAJA 6X1 L;0;80;65,00;LUBRICANTES;SHELL
417;LUBRICANTE SHELL 10W40 SEMI CAJA 6X1 L;0;70;54,00;LUBRICANTES;SHELL
418;LUBRICANTE SHELL 20W50 MINERAL CAJA 6X1 L;0;55;42,00;LUBRICANTES;SHELL
419;LUBRICANTE SHELL 5W40 SINTETICO CAJA 6X1 L;0;85;69,00;LUBRICANTES;SHELL
420;LUBRICANTE SHELL 15W40 MINERAL CAJA 6X1 L;0;55;42,00;LUBRICANTES;SHELL
421;LUBRICANTE SHELL HYDRAULIC S1 M 46 1X5 GAL;0;135;113,00;LUBRICANTES;SHELL
422;LUBRICANTE MOBIL 5W30 SINTETICO CAJA 6X1 L;0;95;84,00;LUBRICANTES;MOBIL
423;LUBRICANTE CHRONUS 15W40 MINERAL CAJA 6X1;1;45;36,00;LUBRICANTES;CHRONUS
424;LUBRICANTE CHRONUS 20W50 MINERAL CAJA 6X1;1;45;36,00;LUBRICANTES;CHRONUS
425;LUBRICANTE SKY 80W90 CAJA 12X1 L;0,5;90;80,00;LUBRICANTES;SKY
426;LUBRICANTE SKY 15W40 MINERAL CAJA 12X1 L;0,5;90;80,00;LUBRICANTES;SKY
427;BALLESTA HERCULES 84-713-1 ENCAVA ISUZU ENT600/610 02-12 1RA TRAS;2;95;74,76;BALLESTA;HERCULES
428;BALLESTA HERCULES 84-713-2 ENCAVA ISUZU ENT600/610 02-12 2DA TRAS;2;77;60,58;BALLESTA;HERCULES
429;BALLESTA HERCULES 84-526-1 ENCAVA ISUZU 500 (CHASIS CORTO);2;93;73,47;BALLESTA;HERCULES
430;BALLESTA HERCULES 84-526-2 ENCAVA ISUZU 500 (CHASIS CORTO);2;75;59,29;BALLESTA;HERCULES
431;BALLESTA HERCULES 84-727-1 ENCAVA ISUZU 500/600 1RA TRAS;2;93;72,18;BALLESTA;HERCULES